ID, Name, Subs
0, KSI #001, +20M
1, ImDontai #002, +1M
2, SteveWillDoIt #003, +3M
3, Logan Paul #004, +20M
4, Keemstar #005, +5M
5, IShowSpeed #006, +2M
6, Dream #007, +20M
7, AdinRoss #008, +1M
8, Jake Paul #009, +20M
9, Tommy Innit #010, +10M
10, Faze Banks #011, +5M
11, Behzinga #012, +4M
12, TBJZL #013, +4M
13, Veritasium #014, +9M
14, Vsauce #015, +15M
15, Alissa Violet #016, +3M
16, David Dobrik #017, +10M
17, Cody Ko #018, +5M
18, Emma Chamberlain #019, +10M
19, PewDiePie #020, +100M
20, James Charles #021, +20M
21, Ricegum #022, +10M
22, Liza Koshy #023, +15M
23, Vikkstar123 #024, +7M
24, W2S #025, +15M
25, LazarBeam #026, +15M
26, T-Series #027, +150M
27, H3H3 #028, +6M
28, 3kliksphilip #029, +1M
29, Miniminter #030, +9M
30, Zerkaa #031, +4M
31, Ninja #032, +20M
32, penguinz0 #033, +8M
33, HolaSoyGerman. #034, +40M
34, MrBeast #035, +60M
35, WillNE #036, +4M
36, Shane Dawson #037, +20M
37, NigaHiga #038, +20M
38, is0kenny #039, <1M
39, FRED #040, +2M
40, Markiplier #041, +30M
41, Jacksepticeye #042, +20M
42, Seth Everman #043, +4M
43, CashNasty #044, +4M
44, FlightReacts #045, +3M
45, Deji #046, +10M
46, belle delphine #047, +2M
47, xQcOW #048, +1M
48, CallMeCarson #049, +2M
49, Pyrocynical #050, +4M
50, SSSniperWolf #051, +20M
51, Biaheza #052, <1M
52, Sam Pepper #053, +2M
53, Pestily #054, <1M
54, Daily Dose Of Internet #055, +10M
55, Talia Mar #056, <1M
56, ChrisMD #057, +5M
57, Callux #058, +3M
58, Calfreezy #059, +3M
59, AnEsonGib #060, +2M
60, Karl Jacobs #061, +2M
61, Chris #062, <1M
62, Chandler #063, <1M
63, Joshlewisgsy #064, +1M
64, Ranboo #065, +3M
65, BadBoyHalo #066, +3M
66, Skeppy #067, +5M
67, Ludwig #068, +1M
68, Gypsy Crusader #069, <1M
69, GMHikaru #070, +1M
70, Dhar Mann #071, +10M
71, Pokimane #071, +6M
72, DanTDM #072, +20M
73, Dhar Mann #073, +10M
74, Sykkuno #074, +2M
75, Socksfor1 #075, +3M
76, BALDSKI #076, Gold Edition
77, Youtube Music #077, +100M
78, Youtube Movies #078, +100M
79, Ray William Johnson #079, +9M
80, GeorgeNotFound #080, +9M
81, MrBeast Burger #081, Gold Edition
82, Chris Chann #082, +1M
83, Danny Duncan #083, +6M
84, Black Hustlers Club #084, <1M
85, TVFilthyFrank #085, +7M
86, Technoblade #086, +8M
87, I did a thing #087, +2M
88, Ryan Trahan #088, +3M
89, HowToBasic #089, +15M
90, Mark Rober #090, +15M
91, No Jumper #091, +3M
92, TheBackyardScientist #092, +5M
93, Tommy Craze #093, +2M
94, Code Bullet #094, +2M
95, Morgz #095, +10M
96, Canking #096, <1M
97, Scarce #097, +3M
98, PontiacMadeDDG VLOGS #098, +2M
99, Jawed #099, +2M
100, Ceejay The Dj #100, Gold Edition
101, Felix Kjellberg #101, Gold Edition
102, Mike Majlak Vlogs #102, +2M
103, Dwarf Mamba #103, +2M
104, Marques Brownlee #104, +10M
105, PowerfulJRE #105, +10M
106, George Janko #106, +1M
107, Jazza #107, +5M
108, Faze Sensei #108, <1M
109, Faze Apex #109, +6M
110, Fruitberries #110, <1M
111, Faze Adapt #111, +6M
112, Rhino LoveLiveServe #112, +7M
113, Noah LoveLiveServe #113, +7M
114, Faze Blaze #114, +3M
115, Faze Rain #115, +5M
116, Faze Rug #116, +15M
117, Faze Temperrr #117, +2M
118, Primitive Technology #118, +10M
119, Nick Avocado #119, +2M
120, Tfue #120, +10M
121, Ceeday #121, +6M
122, Stuff Made Here #122, +3M
123, GaryVee #123, +3M
124, MARKO #124, +5M
125, TapL #125, +3M
126, 6ix9ine #126, +15M
127, Bobby White #127, <1M
128, Kieran Brown #128, +1M
129, Sneako #129, <1M
130, XXXTentacion #130, +30M
131, Fe4RLess #131, +9M
132, loltyler1 #132, +2M
133, Asmongold TV #133, <1M
134, NFT TIMES #134, <1M
135, JennaMarbles #135, +20M
136, NadeKing #136, +1M
137, SinsTV #137, +1M
138, BlackySpeakz #138, +1M
139, Quadeca #139, +1M
140, Will Smith #140, +9M
141, FailArmy #141, +15M
142, anything4views #142, <1M
143, maxmoefoe #143, +3M
144, Bailey Sarian #144, +5M
145, DrDisrespect #145, +3M
146, Andy Milonakis #146, <1M
147, JRNY Crypto #147, <1M
148, Shroud #148, +6M
149, Hamlinz #149, +1M
150, Daequan Loco #150, +5M
151, Casey Neistat #151, Gold Edition
152, Caspar #152, +6M
153, ThatcherJoe #153, +7M
154, The Game Theorists #154, +10M
155, Magma #156, +5M
156, TimTheTatman #157, +3M
157, Sapnap #158, +4M
158, Tubbo #159, +2M
159, Wilbur Soot #160, +5M
160, Fundy #161, +3M
161, JustDustin #162, +5M
162, Ryan's World #163, +30M
163, Myth #164, +4M
164, TwoMad #165, +2M
165, The ACE Family #166, +15M
166, Ian Hecox (Smosh) #167, +20M
167, Anthony Padilla #168, +5M
168, Corpse Husband #169, +7M
169, Marzia #170, +7M
170, Supreme Patty #171, <1M
171, SwaggerSouls #172, +4M
172, Matt Stonie #173, +10M
173, Dolan Dark #174, +1M
174, Grandayy #175, +2M
175, H2ODelirious #176, +10M
176, ZIAS! #177, +4M
177, LOU WAP #178, +1M
178, Miranda Sings #179, +10M
179, CoryxKenshin #180, +10M
180, Kwite #181, +1M
181, Airrack #182, +1M
182, Fitz #183, +5M
183, Domics #184, +7M
184, VitalyzdTv #185, +10M
185, Graham Stephan #186, +3M
186, iTwe4kz #187, <1M
187, Alex Becker #188, <1M
188, OprahSide #189, +1M
189, Its Jojo Siwa #190, +10M
190, tuv #191, <1M
191, Lachlan #192, +10M
192, Sparkles #193, +2M
193, Justa Minx #194, <1M
194, Whinderssonnunes #195, +40M
195, JeromeASF #196, +5M
196, Sky Does Everything #197, +10M
197, CaptainSparklez #198, +10M
198, Bajan Canadian #199, +5M
199, FPSRussia #200, Gold Edition
200, DashieGames #201, +5M
201, Ohmwrecker #202, +2M
202, Brad Mondo #203, +7M
203, iDubbbzTV #204, +7M
204, Destiny #205, <1M
205, Alan Becker #206, +15M
206, Lael Hansen #207, +1M
207, Teeqo #208, +2M
208, m0E TV #209, <1M
209, CinnamonToastKen #210, +4M
210, NICKMERCS #211, +4M
211, LVNDMARK #212, <1M
212, Leon Lush #213, +1M
213, bysTaXx #214, +5M
214, flashdeckanimations #215, <1M
215, jacksfilms #216, +4M
216, TayZonday #217, +1M
217, Mizkif #218, <1M
218, Reckful #219, <1M
219, Tobuscus #220, +6M
220, TheWarOwl #221, +1M
221, NFKRZ #222, <1M
222, Andrei Terbea #223, +2M
223, Edgar #224, <1M
224, Maya #225, <1M
225, Tana Mongeau #226, +5M
226, Philip DeFranco #227, +6M
227, Numa Numa #228, <1M
228, I Like Turtles #229, <1M
229, Brandon Rogers #230, +5M
230, TheBurntChip #231, +1M
231, grav3yardgirl #232, +8M
232, Jarvis #233, +4M
233, Captain Disillusion #234, +2M
234, Chunkz #235, +1M
235, Romell Henry TGFbro #236, +6M
236, Jay Swingler TGFbro #237, +6M
237, Bashurverse #238, +1M
238, Minecraft Universe #239, +2M
239, Boyinaband #240, +3M
240, Trap Lore Ross #241, <1M
241, wavywebsurf #242, <1M
242, JackSucksAtLife #243, +1M
243, Grian #244, +6M
244, theneedledrop #245, +2M
245, dakotaz #246, +2M
246, Lele Pons #247, +15M
247, BachelorsPadTv #248, +2M
248, Ali-A #249, +15M
249, Dude Perfect #250, Gold Edition
250, steveo #251, +6M
251, Lyrical Lemonade #252, +15M
252, Nico Leonard #253, <1M
253, Thoughty2 #254, +4M
254, TheOdd1sOut #255, +15M
255, Ph1LzA #256, +2M
256, Sommer Ray #257, +1M
257, Joey Graceffa #258, +9M
258, GQ #259, +6M
259, Dead Meat #260, +5M
260, Unbox Therapy #261, +15M
261, Tyler Oliveira #262, +1M
262, Noel Miller #263, +2M
263, Rhett Good Mythical Morning #264, +15M
264, Link Good Mythical Morning #265, +15M
265, Keegan-Michael Key #266, +3M
266, Jordan Peele #267, +3M
267, Roaring Kitty #268, <1M
268, jeffreestar #269, +15M
269, RocketJump #270, +9M
270, Kyle Forgeard #271, +6M
271, Jesse Sebastiani #272, +6M
272, Marshmello #273, +50M
273, izi prime #274, <1M
274, lil boat #275, +2M
275, Mark Tilbury #276, <1M
276, Jordan Welch #277, <1M
277, charli d'amelio #278, +9M
278, Dixie D'amelio #279, +7M
279, ZHC #280, +20M
280, Jelly #281, +20M
281, Steezy Kane #282, +3M
282, YouTubers Sing #283, +3M
283, SSundee #284, +15M
284, Bella Poarch #285, +5M
285, Supercar Blondie #286, +6M
286, JANGBRiCKS #287, +1M
287, MsMunchie #288, +1M
288, Randolph #289, +1M
289, Niko Omilana #290, +3M
290, Niko B #291, <1M
291, Rich Brian #292, +2M
292, Justin Kan #293, <1M
293, jschlattLIVE #294, +2M
294, Guga Foods #295, +2M
295, Nate O'Brien #296, +1M
296, Kay #297, +6M
297, Tai Lopez #298, +1M
298, SQUEEZIE #299, +15M
299, JablinskiGames #300, Gold Edition
300, Matt Steffanina #301, +10M
301, Sharky #302, <1M
302, KingKennyTv #303, +2M
303, Aj Shabeel #304, <1M
304, Marina Joyce #305, +2M
305, Alex Meyers #306, +2M
306, BitBoy Crypto #307, +1M
307, Tom Scott #308, +4M
308, Anomaly #309, +3M
309, Corinna Kopf #310, +1M
310, Castro1021 #311, +1M
311, LayedBakDFR #312, +2M
312, Memeulous #313, +4M
313, Tanner Fox #314, +10M
314, ImAllexx #315, +2M
315, Natalie Noel #316, <1M
316, Zane Hijazi #317, +3M
317, Heath Hussar #318, +2M
318, Gordon Ramsay #319, +15M
319, Gohan The Husky #320, +2M
320, Jason Nash #321, +3M
321, Scotty Sire #322, +2M
322, Jeff Wittek #323, +3M
323, toddy smith #324, +1M
324, Josh Peck #325, +3M
325, NORMAN FAIT DES VIDÉOS #326, +10M
326, Mister V #327, +5M
327, Jesser #328, +3M
328, Kristopher London #329, +2M
329, PrestonPlayz #330, +10M
330, はじめしゃちょ- (hajime) #331, +9M
331, HikakinTV #332, +10M
332, Tyler Oakley #333, +6M
333, FREESTYLEBENDER #334, <1M
334, Bretman Rock #335, +8M
335, LongBeachGriffy #336, +3M
336, Matthew Santoro #337, +6M
337, noriyaro #338, <1M
338, Jonkari P #339, <1M
339, Sodapoppin #340, +1M
340, Kai Cenat #341, +1M
341, CouRage #342, +3M
342, Mini Ladd #343, +5M
343, WILDCAT #344, +7M
344, VanossGaming #345, +20M
345, Tristan Jass #346, +3M
346, No Life Shaq #347, +3M
347, Jiedel #348, +1M
348, ZackTTG #349, +1M
349, Evan Fong #350, Gold Edition
350, TheGamingLemon #351, +4M
351, Collins Key #352, +20M
352, Brave Wilderness #353, +15M
353, Michael Reeves #354, +6M
354, Quackity #355, +5M
355, Will Paterson #356, <1M
356, qiasomar #357, <1M
357, Alex Ernst #358, +1M
358, Travis Scott #359, +15M
359, The Maverick #360, Gold Edition
360, Pat Cc: #361, <1M
361, Vexx #362, +3M
362, DokeTV #363, +1M
363, Yung Filly #364, <1M
364, Pieface23 #365, <1M
365, Darkest Man #366, <1M
366, FitMC #367, +2M
367, Harrison Nevel #368, +1M
368, Karol Friz Wiśniewski #369, +4M
369, Kanye West #370, +7M
370, Ed Bassmaster #371, +2M
371, Ammar Yes Theory #372, +6M
372, Matt Yes Theory #373, +6M
373, Thomas Yes Theory #374, +6M
374, bald and bankrupt #375, +3M
375, Ethan Dolan #376, +10M
376, Grayson Dolan #377, +10M
377, Kevin Hart #378, +4M
378, Joey Salads #379, +2M
379, Ricky Banks #380, Gold Edition
380, David Blaine #381, +1M
381, Deestroying #382, +3M
382, Harald Baldr #383, +2M
383, Matthew Beem #384, <1M
384, Playboi Carti #385, +2M
385, Zoella #386, +10M
386, Bethany Mota #387, +9M
387, Josh Pieters #388, +1M
388, Doctor Mike #389, +7M
389, Mike Tyson #390, +2M
390, Wisp #391, +4M
391, Lindsey Stirling #392, +10M
392, Pro Stock - Zac #393, <1M
393, Juanpa Zurita #394, +10M
394, Lilly Singh #395, +10M
395, Dax #396, +3M
396, RackaRacka #397, +6M
397, Rclbeauty101 #398, +10M
398, Rosanna Pansino #399, +10M
399, The Rock #400, +5M
400, officialpsy #401, +15M
401, YBS Youngbloods #402, +2M
402, The Geek Critique #403, <1M
403, ElleOfTheMills #404, +1M
404, Cocomelon #405, +100M
405, Bryce Hall #406, +3M
406, Liam Thompson #407, +1M
407, MATA #408, <1M
408, TomSka #409, +7M
409, MoistCr1TiKaL #410, Gold Edition
410, Joshua Weissman #411, +5M
411, Babish Culinary Universe #412, +9M
412, ian kung #413, <1M
413, Simeon Panda #414, +2M
414, JONAH #415, <1M
415, ProducerMichael #416, +1M
416, Kallmekris #417, +4M
417, Toby on the Tele #418, <1M
418, Drake #419, +20M
419, SnoopDoggTV #420, +7M
420, VIDDAL #421, +1M
421, RoomieOfficial #422, +7M
422, The Unknown Vlogs #423, <1M
423, Anwar Jibawi #424, +6M
424, Beluga #425, +5M
425, Rafi Fine #426, +20M
426, Benny Fine #427, +20M
427, Chantel Jeffries #428, +1M
428, Kylie Jenner #429, +10M
429, COCOMELON! #430, Gold Edition
430, Addison Rae #431, +4M
431, Chris Ramsay #432, +5M
432, Simon Wilson #433, <1M
433, Russell Brand #434, +4M
434, John Cena #435, <1M
435, Alan Walker #436, +40M
436, Mike Shake #437, +1M
437, Jordyn Jones #438, +1M
438, Soulja Boy #439, +3M
439, Kendall Jenner #440, <1M
440, Theo Baker #441, <1M
441, Cyprien #442, +10M
442, Blake Michael #443, <1M
443, BluesDank #444, <1M
444, The Moon #445, <1M
445, The Late Late Show with James Corden #446, +20M
446, Jimmy Kimmel Live #447, +15M
447, Max Maher #448, <1M
448, Roman Atwood Vlogs #449, +15M
449, David Dobrik Too #450, Gold Edition
450, Valkyrae #451, +3M
451, Polo G #452, +4M
452, ASAPROCKYUPTOWN #453, +4M
453, NikkieTutorials #454, +10M
454, CrazyRussianHacker #455, +10M
455, fouseyTUBE #456, +10M
456, Dani #457, +3M
457, Duke Dennis #458, +1M
458, Stephen Curry #459, +1M
459, Lil Nas X #460, +15M
460, Garrett Hilbert - DudePerfect #461, +50M
461, Cory Cotton - DudePerfect #462, +50M
462, Coby Cotton - DudePerfect #463, +50M
463, Cody Jones - DudePerfect #464, +50M
464, Tyler Toney - DudePerfect #465, +50M
465, BobbysWorld #466, +1M
466, GradeAUnderA #467, +3M
467, ImJayStation #468, <1M
468, Elon Musk #469, <1M
469, LeafyIsHere #470, <1M
470, Jesus Christ #471, +1M
471, Sean Evans First We Feast #472, +10M
472, sWooZie #473, +7M
473, BOTTER BOY NOVA #474, <1M
474, Alfie Deyes Vlogs #475, +3M
475, The Tonight Show Starring Jimmy Fallon #476, +20M
476, Syndicate #477, +9M
477, Trainwreckstv #478, <1M
478, Amelia Dimoldenberg #479, <1M
479, JJ Olatunji #480, +10M
480, colinfurze #481, +10M
481, Braille Skateboarding #482, +5M
482, CalebCity #483, +4M
483, DALLMYD #484, +10M
484, boogie2988 #485, +4M
485, Rémi GAILLARD #486, +7M
486, Furious Pete #487, +5M
487, Disguised Toast #488, +3M
488, JiDion #489, +2M
489, Linus Tech Tips #490, +10M
490, Guava Juice #491, +15M
491, Cherdleys #492, +1M
492, GloZell Green #493, +4M
493, AzzyLand #494, +10M
494, Kwebbelkop #495, +15M
495, 5-Minute Crafts #496, +70M
496, JonTronShow #497, +6M
497, Doge #498, <1M
498, Mark Rober #499, Gold Edition
499, Diamond MrBeast #500, Diamond Edition
